transaction_id,date,customer_id,category,units,sales
562S2779I14713HB,2/01/2023,CUST522,Beauty,6,24
316Y4029X49673UM,2/01/2023,CUST180,Clothing,5,60
302L3674R67861RZ,2/01/2023,CUST303,Electronics,1,48
638S2782Q44402JD,5/01/2023,CUST610,Beauty,3,9
637D2741D89311LY,5/01/2023,CUST367,Electronics,1,39
474O8993R75358NR,5/01/2023,CUST559,Clothing,4,100
354V3101S87145WH,5/01/2023,CUST163,Clothing,2,18
270Y2033N19461GI,5/01/2023,CUST432,Electronics,1,26
227K7705R61194VG,5/01/2023,CUST979,Beauty,1,7
906S8292S34072GA,6/01/2023,CUST032,Beauty,1,5
792I9331J63352NS,6/01/2023,CUST150,Electronics,1,23
365E8917O64989DY,6/01/2023,CUST421,Clothing,5,175
976F8514T27360WI,7/01/2023,CUST921,Electronics,1,39
907J4761B65261BU,7/01/2023,CUST231,Clothing,5,105
293N5531E82507NW,7/01/2023,CUST683,Beauty,5,140
933G8920N47588IA,8/01/2023,CUST907,Electronics,3,144
353W3877T86433CE,8/01/2023,CUST845,Clothing,2,32
135S6089U16402ST,8/01/2023,CUST391,Beauty,1,19
742T1455B87698YV,10/01/2023,CUST225,Beauty,2,34
563T4837B86527ZV,10/01/2023,CUST797,Clothing,4,56
521M9541E38824DU,10/01/2023,CUST184,Electronic,7,259
687E1321P27286IG,13/01/2023,CUST734,Clothing,6,72
561L3324Y64685HS,13/01/2023,CUST591,Electronics,6,180
545V2253E63539UN,13/01/2023,CUST291,Clothing,5,70
507N7295O95244PE,13/01/2023,CUST021,Beauty,5,85
472B7902E90678ZQ,13/01/2023,CUST464,Electronics,6,60
321P6225J34742IZ,13/01/2023,CUST708,Beauty,7,231
287R7609V94483YK,13/01/2023,CUST860,Clothing,2,16
268S2913S16968AH,13/01/2023,CUST679,Beauty,4,116
240D1258J24322DG,13/01/2023,CUST003,Electronics,2,54
851T8544H97498MP,15/01/2023,CUST831,Electronics,2,100
837P1351I29673SZ,15/01/2023,CUST746,Clothing,1,17
131J2349R41099YT,15/01/2023,CUST713,Beauty,6,174
677W3898T95581TL,16/01/2023,CUST484,Clothing,3,96
496R1768J95134QN,16/01/2023,CUST768,Beauty,4,72
265T4611T17220OD,16/01/2023,CUST015,Electronics,7,252
595V1942U38877YT,21/01/2023,CUST742,Electronics,7,210
171X7813N48180RI,21/01/2023,CUST499,Beauty,7,133
124G9861V87492QU,21/01/2023,CUST697,Clothing,6,198
957P3275F11675MT,22/01/2023,CUST743,Beauty,5,165
815J5046L28645OE,22/01/2023,CUST787,Electronics,5,230
550B3328B40060VU,22/01/2023,CUST238,Beauty,1,17
381W4477M41112IJ,22/01/2023,CUST103,Clothing,7,154
245X6045E68358WZ,22/01/2023,CUST014,Clothing,4,80
231Z8392T33703RC,22/01/2023,CUST445,Electronics,5,180
998I9676Q63781FY,23/01/2023,CUST049,Electronics,6,150
698Q9347W41464MB,23/01/2023,CUST519,Electronics,1,48
558N1396G90342OJ,23/01/2023,CUST438,Clothing,1,31
552L5068R48866EZ,23/01/2023,CUST505,Beauty,1,23
421Z5106P37078KU,23/01/2023,CUST986,Clothing,1,7
202R9656K16770DT,23/01/2023,CUST344,Beauty,7,21
455O9842V36080VW,25/01/2023,CUST448,Beauty,1,34
332R9200P33228BV,25/01/2023,CUST475,Clothing,6,114
228U7292L93019BW,25/01/2023,CUST134,Electronics,1,19
819M9105A16495HP,28/01/2023,CUST420,Clothing,4,112
712I6555N57440GP,28/01/2023,CUST592,Beauty,6,48
641X3857M14925XX,28/01/2023,CUST940,Electronics,7,266
541I9978A42517TO,28/01/2023,CUST064,Clothing,7,42
451V6414T21917YT,28/01/2023,CUST913,Electronics,6,252
358T5706J17317XQ,28/01/2023,CUST912,Beauty,6,168
880E9436Z71768LS,30/01/2023,CUST618,Beauty,4,120
856U7001W33838DJ,30/01/2023,CUST329,Electronics,6,132
829H2721R28341KG,30/01/2023,CUST322,Electronics,2,96
679F5213U42613PT,30/01/2023,CUST415,Clothing,2,8
543X5164S62609LR,30/01/2023,CUST288,Clothing,2,70
425W9580X48407WS,30/01/2023,CUST317,Electronics,3,42
351Y7394T90180JB,30/01/2023,CUST323,Beauty,2,60
266I2443K32859EM,30/01/2023,CUST736,Clothing,7,196
221J7694I53068HU,30/01/2023,CUST720,Beauty,1,16
640T6685A25678JR,31/01/2023,CUST300,Electronics,6,60
543Z2556X68409YX,31/01/2023,CUST264,Clothing,7,196
284R7101S71472PN,31/01/2023,CUST235,Electronics,2,98
257J5716W77105ZY,31/01/2023,CUST189,Beauty,6,210
187B5948Z58404RM,31/01/2023,CUST101,Clothing,7,161
175E1342L26059JA,31/01/2023,CUST929,Beauty,6,150
753V5137N78661TJ,1/02/2023,CUST320,Electronics,4,80
582A2460T58366NO,1/02/2023,CUST964,Clothing,4,88
127A5982Y71227ZO,1/02/2023,CUST933,Beauty,7,119
824O5631Z57794JL,2/02/2023,CUST673,Clothing,6,90
671L3297K58863CD,2/02/2023,CUST142,Electronics,6,258
536O3876T77374DE,2/02/2023,CUST666,Electronics,6,210
380T2226D91457RV,2/02/2023,CUST335,Beauty,4,52
316S7663W41318ED,2/02/2023,CUST269,Clothing,6,198
166T6430H28218VM,2/02/2023,CUST237,Beauty,1,29
950K5138G13043AQ,5/02/2023,CUST195,Clothing,6,66
912D1947Q43774SV,5/02/2023,CUST232,Beauty,1,26
823S3204J91606SC,5/02/2023,CUST223,Clothing,3,81
772Q5402G77950ZG,5/02/2023,CUST530,Electronics,4,104
767H2513H77015QI,5/02/2023,CUST107,Clothing,2,46
633O7852T73009HW,5/02/2023,CUST333,Electronics,6,300
490G8627S65899LD,5/02/2023,CUST793,Beauty,2,66
333X4913U25248MU,5/02/2023,CUST063,Electronics,7,217
332Q9750J17342QG,5/02/2023,CUST740,Beauty,4,112
820T5843W11945MI,6/02/2023,CUST993,Electronics,3,144
693F1127Y64668EI,6/02/2023,CUST240,Beauty,2,26
663S5960W40600HK,6/02/2023,CUST379,Clothing,4,60
420M8764H82260EK,7/02/2023,CUST596,Electronics,2,98
327P2008R54931NS,7/02/2023,CUST490,Clothing,1,9
118C4330D71785HV,7/02/2023,CUST372,Beauty,3,27
998K1605I95937EC,8/02/2023,CUST284,Clothing,7,112
816D1603K57533FO,8/02/2023,CUST192,Beauty,5,45
774H5556G40050IW,8/02/2023,CUST775,Electronics,3,126
755T5389A44244IJ,8/02/2023,CUST936,Beauty,2,12
729Y7250L69773HD,8/02/2023,CUST085,Clothing,1,15
677Z4377F58292LY,8/02/2023,CUST972,Beauty,7,77
330L1290F16812VP,8/02/2023,CUST977,Electronics,6,174
228C5765A38356OS,8/02/2023,CUST434,Electronics,6,150
127D4540O94727RB,8/02/2023,CUST366,Clothing,2,30
593I1287Q25820IE,10/02/2023,CUST054,Electronics,7,210
488E3710Z59519SY,10/02/2023,CUST068,Electronics,3,45
373I1987S51234BP,10/02/2023,CUST193,Beauty,3,78
363M7159N58580HV,10/02/2023,CUST346,Clothing,2,26
278F2535A17933CC,10/02/2023,CUST649,Clothing,3,99
188Y1601W71566ZR,10/02/2023,CUST577,Beauty,5,95
916R6280D91716ID,11/02/2023,CUST945,Beauty,2,56
912U1384V62728EZ,11/02/2023,CUST714,Clothing,5,20
881Z5621T11875DJ,11/02/2023,CUST331,Electronics,3,81
714Q3202Q52348RE,11/02/2023,CUST732,Electronics,5,195
674S8820K73936LB,11/02/2023,CUST657,Clothing,1,28
527S1960R51420RP,11/02/2023,CUST292,Beauty,1,18
574Z9942H55999TF,14/02/2023,CUST821,Electronics,7,252
569J1685Q74701BU,14/02/2023,CUST848,Clothing,4,32
380N1643Z25429VE,14/02/2023,CUST584,Beauty,1,21
590R5001V48057EN,16/02/2023,CUST133,Electronics,2,52
472I7220K33395YT,16/02/2023,CUST011,Clothing,2,20
371R3741I97714EU,16/02/2023,CUST257,Beauty,4,136
864M3597P26377VR,17/02/2023,CUST416,Electronics,2,62
434W2546T60972RL,17/02/2023,CUST016,Clothing,5,60
172U5335Z41745GQ,17/02/2023,CUST371,Beauty,3,78
885M6481X41702MC,20/02/2023,CUST920,Beauty,6,54
730G5766C39389GD,20/02/2023,CUST268,Electronics,2,90
618W1897I79252MD,20/02/2023,CUST966,Electronics,3,117
581S8618P80315KY,20/02/2023,CUST042,Clothing,7,196
545O7211R55038OA,20/02/2023,CUST861,Clothing,2,16
372N6369X49329PT,20/02/2023,CUST454,Beauty,4,88
992G8355F36083SR,22/02/2023,CUST780,Electronics,6,276
918C5093V97719MY,22/02/2023,CUST008,Electronics,5,235
852U1370F93090DB,22/02/2023,CUST396,Beauty,1,30
599M3928I66115QW,22/02/2023,CUST611,Beauty,5,155
577L1131J65317OJ,22/02/2023,CUST256,Clothing,5,145
356C5422F57594PQ,22/02/2023,CUST044,Clothing,7,210
737N7705A14330RZ,25/02/2023,CUST506,Beauty,1,6
715G8453H20012LR,25/02/2023,CUST272,Electronics,5,235
570B7892S43853MQ,25/02/2023,CUST287,Clothing,4,136
533N5941S29652DW,25/02/2023,CUST766,Electronics,5,105
390B8202T44763LH,25/02/2023,CUST473,Beauty,4,124
136X1084I38034JP,25/02/2023,CUST070,Clothing,7,231
630P7762Q48531AN,27/02/2023,CUST433,Beauty,4,92
537R2447J29425CT,27/02/2023,CUST158,Electronics,7,189
282N1252A31040KV,27/02/2023,CUST900,Clothing,4,28
568V1518X60324PZ,28/02/2023,CUST041,Clothing,5,115
167Y2927J66541PB,28/02/2023,CUST932,Beauty,7,126
146Z2456J59032PX,28/02/2023,CUST152,Electronics,5,130
845H8599G66775LV,1/03/2023,CUST399,Beauty,7,231
648S7206A80847HI,1/03/2023,CUST168,Clothing,6,180
642L4290S98643JW,1/03/2023,CUST514,Electronics,3,114
960G1203F21966CH,3/03/2023,CUST400,Clothing,7,91
910Q8872M99660SC,3/03/2023,CUST888,Electronics,2,84
618O7227O88399LO,3/03/2023,CUST800,Clothing,7,63
547B9350C91594EU,3/03/2023,CUST500,Beauty,2,16
352H3532E78509NQ,3/03/2023,CUST947,Beauty,6,138
190O2201L89198WD,3/03/2023,CUST339,Electronics,1,18
329Z7109V12670AO,6/03/2023,CUST135,Clothing,1,16
205W3913N48380YW,6/03/2023,CUST220,Beauty,5,165
160T6956P55088FV,6/03/2023,CUST917,Electronics,4,136
769Y2423C47010OV,7/03/2023,CUST002,Clothing,2,10
365T7595O65252HO,7/03/2023,CUST705,Electronics,4,132
116N5081P36200MD,7/03/2023,CUST785,Beauty,4,12
816I5406C68147XG,15/03/2023,CUST185,Clothing,1,23
295V6381G77918DP,15/03/2023,CUST621,Beauty,2,52
206C8490P75225LE,15/03/2023,CUST117,Electronics,1,27
668T7415A66813QQ,19/03/2023,CUST753,Clothing,3,21
468D9882L99541CM,19/03/2023,CUST052,Beauty,6,18
305Z2588Y81222LH,19/03/2023,CUST659,Electronics,6,102
950W9520O42358VX,20/03/2023,CUST763,Clothing,7,217
947G8863F37754LN,20/03/2023,CUST910,Beauty,5,95
909U7269D78069GV,20/03/2023,CUST136,Electronics,7,322
861V5559Y25675OI,20/03/2023,CUST885,Clothing,2,44
316B2218C60356CD,20/03/2023,CUST536,Beauty,6,144
286M3087W12532AO,20/03/2023,CUST175,Electronics,7,210
678N6483Z61355RY,23/03/2023,CUST197,Clothing,7,105
642K3197K57686RQ,23/03/2023,CUST198,Beauty,3,90
633G3810H74716QA,23/03/2023,CUST033,Electronics,7,196
681O5808S63520BM,24/03/2023,CUST750,Clothing,7,147
355P7699P77709GN,24/03/2023,CUST426,Electronics,7,203
354N2001J66262GZ,24/03/2023,CUST397,Beauty,6,114
889Q5851G61637TJ,25/03/2023,CUST076,Electronics,4,192
869K1872J30740SJ,25/03/2023,CUST444,Clothing,7,56
724Q1652K72338FA,25/03/2023,CUST547,Clothing,6,132
529S1593X11725GG,25/03/2023,CUST091,Electronics,7,112
441R9484G62763ZU,25/03/2023,CUST806,Beauty,4,36
193X5527C62337AH,25/03/2023,CUST038,Beauty,7,203
853S3960W98579VH,26/03/2023,CUST423,Clothing,6,204
545A4210Y86322BI,26/03/2023,CUST703,Electronics,6,240
106S5594Q32457BN,26/03/2023,CUST313,Beauty,1,5
624F3441Z56108ZC,1/04/2023,CUST248,Clothing,5,90
613V9120U71856SD,1/04/2023,CUST161,Beauty,6,54
444C5435O13336KW,1/04/2023,CUST462,Electronics,5,105
960B1972J94876JA,2/04/2023,CUST328,Beauty,6,126
775P8648Z29991IC,2/04/2023,CUST383,Beauty,7,182
565Z7484X45640IG,2/04/2023,CUST377,Clothing,1,11
514V2521H24421PA,2/04/2023,CUST360,Clothing,7,168
269T4812U33755YE,2/04/2023,CUST502,Electronics,7,70
176C8633E50227EP,2/04/2023,CUST465,Electronics,4,172
573C2120X63245MZ,5/04/2023,CUST623,Clothing,4,32
461Y8122K49919UO,5/04/2023,CUST891,Electronics,6,132
269B6434R92672YU,5/04/2023,CUST636,Beauty,5,150
374T5495A80229ZI,6/04/2023,CUST717,Clothing,6,186
287J2569V70746CL,6/04/2023,CUST177,Beauty,4,76
146C4412E77495KU,6/04/2023,CUST332,Electronics,6,270
791L5634M27027RZ,8/04/2023,CUST130,Clothing,5,165
751O2267D89736KQ,8/04/2023,CUST847,Electronics,7,140
512O4963B99937UD,8/04/2023,CUST461,Beauty,2,16
759S2827B19415VY,9/04/2023,CUST808,Beauty,5,105
754F8609J84344QS,9/04/2023,CUST486,Electronics,7,294
724K8221C77906FY,9/04/2023,CUST892,Electronics,1,10
616P7078H38266OH,9/04/2023,CUST614,Beauty,3,63
382P2370Y67850PL,9/04/2023,CUST658,Clothing,4,84
337G9613P76932SZ,9/04/2023,CUST760,Beauty,2,56
328L6656U84824EQ,9/04/2023,CUST119,Clothing,6,138
290N9066E52965XT,9/04/2023,CUST886,Electronics,3,42
100Y9513C90580VX,9/04/2023,CUST278,Clothing,4,104
564S7987C67298DM,10/04/2023,CUST901,Electronics,1,16
209I4474Z26044AH,10/04/2023,CUST442,Clothing,3,12
172Z7052F72335XK,10/04/2023,CUST905,Beauty,7,28
541G8764G37011PQ,12/04/2023,CUST834,Beauty,3,69
401D3964J39650AB,12/04/2023,CUST590,Clothing,5,50
239S8400H85303IX,12/04/2023,CUST1000,Electronics,5,235
988C3851Q61644CY,13/04/2023,CUST061,Beauty,1,28
400H8321M36407AJ,13/04/2023,CUST210,Electronics,3,150
360B9175F14533YI,13/04/2023,CUST607,Clothing,3,48
721E4613T14561JY,18/04/2023,CUST562,Electronics,2,26
627O7491Q52396ZZ,18/04/2023,CUST436,Clothing,7,238
567M7596K67376JC,18/04/2023,CUST174,Beauty,5,140
899V4239L46199LJ,19/04/2023,CUST111,Electronics,2,22
589I9497V93612ZJ,19/04/2023,CUST589,Beauty,3,15
339H1544X38194OT,19/04/2023,CUST942,Clothing,6,24
709K4899V84191CA,20/04/2023,CUST745,Beauty,2,54
602W8776S21690WC,20/04/2023,CUST941,Clothing,7,77
208F4383W38143WH,20/04/2023,CUST246,Electronics,6,222
859Q1854P15296HI,21/04/2023,CUST893,Electronics,5,210
308N1151P39783OH,21/04/2023,CUST354,Beauty,5,130
207E1587T16347BP,21/04/2023,CUST663,Clothing,7,49
943A1486C39618NP,24/04/2023,CUST863,Electronics,4,164
897P5106P54254QN,24/04/2023,CUST408,Beauty,7,28
329U5284M28151IT,24/04/2023,CUST748,Clothing,5,110
768T6655A15552VO,26/04/2023,CUST588,Electronics,5,135
586O9840V55199FG,26/04/2023,CUST402,Clothing,2,10
585P1101D88342AP,26/04/2023,CUST967,Beauty,4,40
887U3649M33339TB,27/04/2023,CUST079,Beauty,3,69
836K9404I48530KR,27/04/2023,CUST066,Electronics,4,80
350F9097P47398VG,27/04/2023,CUST459,Clothing,1,10
851H1635U25002NX,28/04/2023,CUST228,Electronics,4,148
767A1141H64422RF,28/04/2023,CUST973,Clothing,3,15
663E5379Y67125PK,28/04/2023,CUST406,Beauty,4,112
913D5468K32810QW,30/04/2023,CUST978,Clothing,7,217
796O3339B56491GX,30/04/2023,CUST450,Beauty,7,105
391Q3074I21179NR,30/04/2023,CUST03120,Electronics,2,76
818Y3276B22573JT,2/05/2023,CUST293,Electronics,2,48
814J7170M12834EL,2/05/2023,CUST138,Clothing,4,88
588X8898S94196YJ,2/05/2023,CUST108,Beauty,5,125
721M5470K62253GC,3/05/2023,CUST357,Electronics,1,31
288C9498T31232LY,3/05/2023,CUST207,Beauty,7,217
255S8894V55622BY,3/05/2023,CUST471,Clothing,4,68
688W4233X60051JQ,5/05/2023,CUST028,Beauty,2,66
503W5071Q84152KZ,5/05/2023,CUST606,Electronics,2,34
493S3434W54856SI,5/05/2023,CUST301,Clothing,6,42
308C2516F78307WZ,5/05/2023,CUST866,Electronics,5,130
296X7820R22550WI,5/05/2023,CUST779,Electronics,2,26
272V6737Q20989BV,5/05/2023,CUST298,Beauty,7,196
248O4643Z61070RW,5/05/2023,CUST374,Beauty,1,29
239Q6147D76685TE,5/05/2023,CUST764,Clothing,5,165
226N1404H10806OQ,5/05/2023,CUST252,Electronics,6,222
209J3562M77929KY,5/05/2023,CUST202,Clothing,6,144
192K4509U62219WK,5/05/2023,CUST098,Beauty,6,114
180B6559R52611HJ,5/05/2023,CUST294,Clothing,5,165
956J3139B44078LX,6/05/2023,CUST129,Beauty,6,114
934U3500F77291WD,6/05/2023,CUST380,Electronics,1,21
704D6915V94959QW,6/05/2023,CUST575,Clothing,5,60
701T6661F84604ZZ,6/05/2023,CUST553,Clothing,5,80
679G2533A70131DC,6/05/2023,CUST975,Clothing,5,110
661D6495G59864XB,6/05/2023,CUST090,Electronics,7,315
640L6406Q63714WS,6/05/2023,CUST820,Electronics,5,200
494T3508W85516OV,6/05/2023,CUST593,Electronics,3,87
446V3097X49286TZ,6/05/2023,CUST088,Clothing,7,126
424Y5193Y58010QT,6/05/2023,CUST693,Beauty,7,245
411L5664Q22886PS,6/05/2023,CUST006,Beauty,1,8
120T7800N81481LS,6/05/2023,CUST230,Beauty,4,52
921B9550B53553CF,7/05/2023,CUST744,Electronics,3,39
582J7613F57709JG,7/05/2023,CUST953,Beauty,3,102
459J2432G33081GQ,7/05/2023,CUST166,Clothing,6,114
342M5607F13701OG,7/05/2023,CUST280,Clothing,7,189
309A7646H58224JB,7/05/2023,CUST640,Electronics,1,50
166T6721M52402ZK,7/05/2023,CUST903,Beauty,4,140
992Y1585Z51424SY,8/05/2023,CUST660,Beauty,3,90
813S7583O91470ZP,8/05/2023,CUST946,Electronics,6,288
678W3755N55886SG,8/05/2023,CUST719,Clothing,1,30
533S3231R68514FN,8/05/2023,CUST102,Beauty,5,60
373U4408I51577VA,8/05/2023,CUST283,Electronics,5,190
195Y4092R84499WR,8/05/2023,CUST620,Electronics,3,96
160Z4666I43622NE,8/05/2023,CUST928,Clothing,2,36
159L1121J73135XN,8/05/2023,CUST069,Beauty,6,96
110M8982K65636SK,8/05/2023,CUST255,Clothing,4,108
952N1603J45188UO,9/05/2023,CUST275,Clothing,2,60
420M5949S35190RL,9/05/2023,CUST883,Electronics,7,231
414S5009C81760ZU,9/05/2023,CUST652,Beauty,4,24
978G7422D58253FC,13/05/2023,CUST314,Clothing,7,210
783U5682D10080NA,13/05/2023,CUST460,Beauty,2,36
171H2227A72329KE,13/05/2023,CUST838,Electronics,6,66
769J3303E71332AC,14/05/2023,CUST749,Beauty,6,150
633A9365K32161PU,14/05/2023,CUST353,Electronics,3,42
620A4529N75766JJ,14/05/2023,CUST974,Beauty,7,154
524X1651W69295OL,14/05/2023,CUST517,Clothing,6,96
367O9029K95374EU,14/05/2023,CUST274,Clothing,6,162
262T1561R81681KZ,14/05/2023,CUST501,Electronics,1,36
587H9069I78366RR,15/05/2023,CUST853,Beauty,1,7
584N4272O82744UC,15/05/2023,CUST425,Electronics,7,343
483M1059E97273JS,15/05/2023,CUST601,Clothing,3,54
237U6704V38854WA,15/05/2023,CUST190,Beauty,5,135
109T8261R39484IM,15/05/2023,CUST548,Clothing,2,6
103R4434W85424PQ,15/05/2023,CUST123,Electronics,4,72
965A8005J67257QW,16/05/2023,CUST774,Clothing,2,22
857R9460C96948XN,16/05/2023,CUST120,Beauty,7,231
822W4956Y45497EG,16/05/2023,CUST221,Beauty,5,40
785L8526I91379QO,16/05/2023,CUST478,Clothing,2,34
733Y9007V29558CW,16/05/2023,CUST970,Electronics,7,210
695J3821G84665JN,16/05/2023,CUST048,Electronics,6,180
607Q3894D88228JB,16/05/2023,CUST005,Beauty,3,78
502Y7973U78472YB,16/05/2023,CUST118,Electronics,4,192
477S8786A20888JI,16/05/2023,CUST527,Clothing,4,96
369R2659L36536CR,16/05/2023,CUST023,Clothing,5,25
176N7422X55684MA,16/05/2023,CUST411,Electronics,6,132
161N4919J23273VO,16/05/2023,CUST273,Beauty,7,196
938C2560Y42228QK,17/05/2023,CUST469,Beauty,5,95
856U2651H30852GL,17/05/2023,CUST414,Beauty,3,66
753Z1463S72592QS,17/05/2023,CUST724,Clothing,6,102
657O4974Y71305CA,17/05/2023,CUST155,Electronics,6,180
624L1653F51690XK,17/05/2023,CUST081,Electronics,4,112
363E8384M15215IQ,17/05/2023,CUST674,Clothing,7,175
790L4059H84796AM,18/05/2023,CUST836,Clothing,2,62
772Z2100P18840TI,18/05/2023,CUST818,Electronics,6,276
710Q1595L79788FB,18/05/2023,CUST639,Beauty,7,189
740D1187K19915MY,19/05/2023,CUST164,Beauty,4,140
361K6284T16858ND,19/05/2023,CUST969,Clothing,7,133
139R2269G87283RJ,19/05/2023,CUST881,Electronics,5,85
849M8320V65598RN,20/05/2023,CUST694,Electronics,5,240
753P5000B32958UI,20/05/2023,CUST305,Beauty,1,26
704H1883L55812SU,20/05/2023,CUST572,Clothing,5,120
748J9253P56332VC,21/05/2023,CUST358,Beauty,6,126
616N5025N13543DZ,21/05/2023,CUST665,Clothing,6,204
230K9105K94743NQ,21/05/2023,CUST911,Electronics,6,144
990D3646R56834NZ,23/05/2023,CUST376,Beauty,6,72
840S9626B86014RA,23/05/2023,CUST491,Electronics,3,135
778X3774V39703BY,23/05/2023,CUST031,Electronics,3,78
773Z1119I70739OA,23/05/2023,CUST843,Beauty,4,92
734T7210S34126UY,23/05/2023,CUST316,Clothing,6,138
692E8629L10220GY,23/05/2023,CUST504,Beauty,2,36
676C1521E26353TR,23/05/2023,CUST811,Beauty,1,10
625G4690Y67817JC,23/05/2023,CUST755,Clothing,4,20
528Z2942D52629LE,23/05/2023,CUST489,Electronics,1,33
391W3039Q67595IA,23/05/2023,CUST243,Electronics,3,129
359R9254Z82523ZE,23/05/2023,CUST072,Electronics,6,162
349E4308M61022IJ,23/05/2023,CUST094,Beauty,1,9
318C3856Z51818YJ,23/05/2023,CUST613,Clothing,5,105
306G2662Q58448QF,23/05/2023,CUST039,Clothing,4,32
188U8190M43909VC,23/05/2023,CUST017,Clothing,5,30
956G8753L53933JT,25/05/2023,CUST691,Clothing,4,132
555T9214M91312CZ,25/05/2023,CUST404,Electronics,4,84
441J3378V50290FK,25/05/2023,CUST037,Beauty,3,18
504H4487D89309CT,27/05/2023,CUST477,Clothing,7,217
496E7585Z26236MK,27/05/2023,CUST281,Beauty,1,5
182B6015E16233HM,27/05/2023,CUST307,Electronics,7,175
901I6973U72286CI,30/05/2023,CUST822,Beauty,3,21
839Q6946Z69586DA,30/05/2023,CUST985,Electronics,1,36
674X7802D21844ZT,30/05/2023,CUST483,Clothing,2,36
906C7033K72597ZZ,31/05/2023,CUST990,Beauty,7,28
636O7738O34306XL,31/05/2023,CUST862,Electronics,2,52
130G7012Z34680IL,31/05/2023,CUST738,Clothing,5,80
845M6011A48129WE,2/06/2023,CUST482,Clothing,3,93
801W6157B62950OM,2/06/2023,CUST923,Beauty,4,24
760M9475G41880ID,2/06/2023,CUST067,Beauty,6,126
738Q1310T24676WZ,2/06/2023,CUST222,Clothing,7,161
679X7889O21535AA,2/06/2023,CUST958,Electronics,4,112
675U1768W72688XF,2/06/2023,CUST685,Electronics,7,231
768M4040B37791AF,4/06/2023,CUST915,Beauty,3,54
378M3673W26615KR,4/06/2023,CUST236,Clothing,5,95
291B4299K33828MM,4/06/2023,CUST556,Electronics,5,160
998L2365H91680ZU,5/06/2023,CUST902,Beauty,7,161
383E2789I41793GD,5/06/2023,CUST560,Electronics,5,180
357N5321T51280SG,5/06/2023,CUST884,Clothing,7,168
892M9476R56537ME,6/06/2023,CUST537,Beauty,2,58
836M7657N22017EE,6/06/2023,CUST481,Electronics,7,70
689F3436N65130RC,6/06/2023,CUST882,Electronics,1,22
645J7243O96273PH,6/06/2023,CUST867,Electronics,1,31
576K9080O59383LL,6/06/2023,CUST337,Clothing,2,10
533B3522P32880OQ,6/06/2023,CUST363,Beauty,2,18
432N8972J18610MA,6/06/2023,CUST987,Clothing,1,5
391X3489C79868QS,6/06/2023,CUST995,Clothing,3,9
109J9724N16017AX,6/06/2023,CUST387,Beauty,6,132
464W3836X34415JD,7/06/2023,CUST585,Clothing,6,102
249E9841G62799PD,7/06/2023,CUST961,Beauty,3,90
198X6774R81220LF,7/06/2023,CUST446,Electronics,7,287
662U2638R42407FX,9/06/2023,CUST539,Beauty,5,115
512G9936C89873WP,9/06/2023,CUST769,Electronics,3,63
507W9536Z95765OA,9/06/2023,CUST242,Clothing,4,68
927E6157W44701AK,10/06/2023,CUST587,Beauty,2,28
874J2508Z24566WW,10/06/2023,CUST188,Clothing,5,90
560U2137B51768CR,10/06/2023,CUST646,Clothing,3,63
408O4656P76510WQ,10/06/2023,CUST321,Electronics,4,64
273N8394C28563XW,10/06/2023,CUST356,Electronics,4,84
175W7567M87389OS,10/06/2023,CUST510,Beauty,6,120
468K2734P13037CZ,11/06/2023,CUST104,Beauty,1,5
338I7766T19744DU,11/06/2023,CUST352,Electronics,1,38
226W7983V33019HY,11/06/2023,CUST849,Clothing,5,135
428I8283Z72012DT,12/06/2023,CUST824,Clothing,1,35
404O6139A44888UO,12/06/2023,CUST182,Beauty,6,90
338A9158P86224KP,12/06/2023,CUST629,Electronics,7,301
870T4726W59670AG,16/06/2023,CUST819,Beauty,4,104
496K3373E38766VR,16/06/2023,CUST100,Electronics,7,224
168O2823N54829MV,16/06/2023,CUST341,Clothing,7,91
437K7479P64599PE,18/06/2023,CUST833,Beauty,6,192
400Z4991U77882BB,18/06/2023,CUST488,Electronics,2,36
364W8261S35814ON,18/06/2023,CUST452,Clothing,3,42
654S8672P58925EO,19/06/2023,CUST148,Clothing,2,16
370B5164X80306RF,19/06/2023,CUST239,Electronics,3,60
205L2927N18863HW,19/06/2023,CUST542,Beauty,5,55
968A8052A93253LU,20/06/2023,CUST731,Clothing,4,28
855F1452S47991XS,20/06/2023,CUST723,Beauty,7,238
443I9523L42488EW,20/06/2023,CUST466,Electronics,5,165
898D7346Z57891AC,21/06/2023,CUST583,Electronics,2,88
242I4713H11498IZ,21/06/2023,CUST669,Beauty,5,55
212J4536T84479CA,21/06/2023,CUST930,Clothing,2,68
948F5711J41197YD,24/06/2023,CUST157,Electronics,6,66
688O7944A39589GD,24/06/2023,CUST040,Beauty,5,105
569Z9502B59539XH,24/06/2023,CUST758,Clothing,1,3
550A6636X78259SY,24/06/2023,CUST927,Electronics,1,49
526I5964V18489PU,24/06/2023,CUST271,Beauty,2,24
430Z7029S80496MU,24/06/2023,CUST839,Electronics,4,140
373N7730S92754CN,24/06/2023,CUST727,Beauty,6,96
204Q5311L10952ZL,24/06/2023,CUST721,Clothing,1,33
171Q3270N32914GY,24/06/2023,CUST518,Clothing,7,147
524D5242V98380XB,25/06/2023,CUST036,Beauty,1,34
324S2621S14143MU,25/06/2023,CUST203,Clothing,1,23
300D4608J43195MK,25/06/2023,CUST407,Electronics,3,48
820X4329B40227GY,26/06/2023,CUST509,Electronics,5,215
818A9493N86851HW,26/06/2023,CUST046,Electronics,3,54
456O5770T56504JO,26/06/2023,CUST996,Clothing,7,175
275F6354Z33749LA,26/06/2023,CUST874,Beauty,4,40
231O2480E89837AL,26/06/2023,CUST796,Beauty,7,63
120O3764M12268RC,26/06/2023,CUST398,Clothing,7,175
963I7573H26593GE,1/07/2023,CUST455,Electronics,7,133
900U3533U44900WG,1/07/2023,CUST470,Clothing,6,24
338T9048A51621TA,1/07/2023,CUST788,Beauty,1,8
840W3614H52084WE,3/07/2023,CUST106,Clothing,4,36
694N8071L21065VJ,3/07/2023,CUST403,Clothing,6,156
402S1118Z38026QC,3/07/2023,CUST449,Electronics,6,96
328U9940V49974OC,3/07/2023,CUST045,Electronics,2,34
186O6741G48245ZP,3/07/2023,CUST480,Beauty,6,96
130F3965N87382YL,3/07/2023,CUST378,Beauty,6,114
975Y5267Z29008RQ,8/07/2023,CUST759,Electronics,5,70
884A9807W50078YW,8/07/2023,CUST870,Electronics,4,132
777D7373R59224TS,8/07/2023,CUST492,Beauty,7,105
511M6147J36246AJ,8/07/2023,CUST004,Clothing,3,87
325R9677I38116VA,8/07/2023,CUST260,Beauty,4,68
277L6223D59046EB,8/07/2023,CUST653,Clothing,6,174
971B1340F19178OL,11/07/2023,CUST647,Clothing,6,42
610U1043T51533GN,11/07/2023,CUST216,Electronics,1,30
179R8559V10334SI,11/07/2023,CUST837,Beauty,4,44
881T6111Z57055TS,12/07/2023,CUST772,Electronics,2,64
861C8455U90444ZK,12/07/2023,CUST419,Clothing,1,35
223I2618V17203LU,12/07/2023,CUST128,Beauty,7,126
603I8740B95374OJ,13/07/2023,CUST053,Electronics,6,162
171S5670E47000LM,13/07/2023,CUST802,Beauty,6,60
126E1988S93342NU,13/07/2023,CUST642,Clothing,2,28
946F5798X45613ED,14/07/2023,CUST895,Clothing,1,29
881U9209K71397XE,14/07/2023,CUST792,Beauty,6,78
718X5536G96779FW,14/07/2023,CUST840,Clothing,5,150
694C2668L16370DT,14/07/2023,CUST681,Electronics,3,93
492H8166P11293ZU,14/07/2023,CUST075,Beauty,1,34
409U6692Z76596WV,14/07/2023,CUST447,Beauty,6,54
283K1266H15705OX,14/07/2023,CUST729,Clothing,7,98
224L7484L30528HI,14/07/2023,CUST551,Electronics,3,36
123R7865G71011WJ,14/07/2023,CUST728,Electronics,7,294
924F6362L82873VN,19/07/2023,CUST071,Beauty,5,35
889H3005Z96365ZS,19/07/2023,CUST899,Clothing,7,140
621W2641T46767QD,19/07/2023,CUST302,Beauty,7,133
595E3913B48293DF,19/07/2023,CUST093,Beauty,5,75
565Q7519Z70396SK,19/07/2023,CUST561,Clothing,4,24
494T9598D95062NC,19/07/2023,CUST698,Electronics,7,336
425I5964L14820IN,19/07/2023,CUST176,Beauty,1,26
417K7453N47236NO,19/07/2023,CUST676,Electronics,6,90
402S3643U87418XA,19/07/2023,CUST578,Clothing,2,22
385O5944N35900WU,19/07/2023,CUST382,Clothing,5,155
334K4991X78201FO,19/07/2023,CUST304,Electronics,5,150
178E8183M78087YQ,19/07/2023,CUST686,Electronics,2,62
869G9227W31805SI,21/07/2023,CUST651,Clothing,1,18
633N7395B46793MS,21/07/2023,CUST709,Electronics,2,68
380F2922Z77471MS,21/07/2023,CUST722,Beauty,3,102
764O9319D92143AG,23/07/2023,CUST988,Clothing,5,155
349V9973X63129HP,23/07/2023,CUST829,Beauty,2,60
158G9923G30795YB,23/07/2023,CUST773,Electronics,7,84
693M4545Y91528IE,24/07/2023,CUST144,Beauty,6,204
468H4525G81594JQ,24/07/2023,CUST605,Electronics,1,39
357R8055H89533PO,24/07/2023,CUST056,Clothing,6,78
994G1209B98776NE,25/07/2023,CUST213,Beauty,3,78
712R5557P54981YC,25/07/2023,CUST114,Beauty,7,217
629G8759T97684WC,25/07/2023,CUST159,Clothing,6,114
529D7514V47461NJ,25/07/2023,CUST105,Electronics,1,35
431S2356M12630GN,25/07/2023,CUST299,Electronics,1,49
251C2142E14340WS,25/07/2023,CUST315,Clothing,3,60
956I2826C63722VZ,26/07/2023,CUST495,Beauty,4,36
825T4494O86106WR,26/07/2023,CUST270,Electronics,4,84
148M8162U92330RK,26/07/2023,CUST545,Clothing,1,32
910P6846M18628WE,27/07/2023,CUST170,Clothing,3,78
799J9497X86944BI,27/07/2023,CUST864,Electronics,7,98
167H2414J59189ML,27/07/2023,CUST934,Beauty,3,30
986Z9864D55348UA,28/07/2023,CUST338,Beauty,5,95
819C1886P63970VY,28/07/2023,CUST668,Electronics,2,62
604Z1673M59171EQ,28/07/2023,CUST394,Clothing,2,58
346W2550T31491MY,28/07/2023,CUST782,Clothing,3,72
343T1481Y88750ZN,28/07/2023,CUST254,Electronics,5,160
167R7972U41834BA,28/07/2023,CUST543,Beauty,1,35
611H3950L81452SD,29/07/2023,CUST906,Clothing,6,168
171H1532K76355SQ,29/07/2023,CUST980,Electronics,6,60
139E3218V77790QO,29/07/2023,CUST557,Beauty,3,99
876Y5511D52324DL,30/07/2023,CUST295,Beauty,5,60
647Y5078N88144PN,30/07/2023,CUST467,Electronics,1,21
646X5224O19748KB,30/07/2023,CUST944,Clothing,7,28
801C3610F52323QX,1/08/2023,CUST667,Electronics,3,57
437A2465N56331PR,1/08/2023,CUST457,Beauty,6,132
389O2910Y60750SO,1/08/2023,CUST187,Clothing,7,28
701H6479H43277DA,2/08/2023,CUST850,Beauty,7,189
649O5670F69942QZ,2/08/2023,CUST949,Electronics,5,200
572T2096G78786RF,2/08/2023,CUST212,Clothing,6,54
824K2792O66760KN,3/08/2023,CUST687,Electronics,2,76
814S3921A18549TC,3/08/2023,CUST262,Beauty,1,34
733M4011H71983RK,3/08/2023,CUST541,Beauty,6,168
706E3702D17118RB,3/08/2023,CUST534,Clothing,2,70
523A3017H98674MS,3/08/2023,CUST765,Clothing,7,224
369I5605N18246SM,3/08/2023,CUST347,Electronics,7,322
984X7540T20270ED,5/08/2023,CUST463,Beauty,3,60
964T8967N85050QV,5/08/2023,CUST110,Clothing,4,128
854L8341I37002FR,5/08/2023,CUST598,Beauty,3,105
696W2003M82506DF,5/08/2023,CUST013,Electronics,2,56
682S1078S65137IF,5/08/2023,CUST140,Electronics,2,44
636U2220J47147IU,5/08/2023,CUST418,Electronics,5,55
346H4295G94628AY,5/08/2023,CUST365,Clothing,7,28
142P8927I92035NI,5/08/2023,CUST672,Beauty,6,204
102I4872M87046QG,5/08/2023,CUST887,Clothing,4,72
894E3334I42707VQ,6/08/2023,CUST567,Clothing,5,65
836V7164N25214TK,6/08/2023,CUST875,Electronics,6,252
596Y2926M79983DK,6/08/2023,CUST655,Clothing,6,66
567I5492Q20617EO,6/08/2023,CUST549,Beauty,2,46
187O3094M30974ES,6/08/2023,CUST027,Beauty,1,21
102P6386A64389RW,6/08/2023,CUST612,Electronics,1,41
618X9773N38692AT,7/08/2023,CUST726,Clothing,5,25
287L9958S31148VE,7/08/2023,CUST430,Electronics,7,119
198P4172T45991ZC,7/08/2023,CUST035,Beauty,1,18
826Z6951S21675EX,11/08/2023,CUST807,Electronics,2,88
318G4486P34588TB,11/08/2023,CUST308,Beauty,6,168
189A3349R30997OF,11/08/2023,CUST498,Clothing,5,95
489M6206N50006IF,12/08/2023,CUST633,Beauty,4,60
338F5331B93466XR,12/08/2023,CUST695,Electronics,4,200
115G8583C80918WX,12/08/2023,CUST532,Clothing,5,110
870P4951Z78529UX,13/08/2023,CUST877,Clothing,6,102
501L1437P74525KG,13/08/2023,CUST217,Electronics,3,123
305D9657Y82714KZ,13/08/2023,CUST508,Beauty,4,100
947J8814X49574YQ,14/08/2023,CUST422,Clothing,2,30
603Y3864O71711AS,14/08/2023,CUST511,Beauty,5,80
123P6550V54385KT,14/08/2023,CUST926,Electronics,6,84
985F2667Z95023TG,15/08/2023,CUST880,Beauty,6,138
947J8472Y73824DQ,15/08/2023,CUST699,Clothing,1,13
829L8969Y62737PA,15/08/2023,CUST569,Electronics,3,129
812Z1988J42642DI,15/08/2023,CUST830,Clothing,1,13
717I3868Q34924MG,15/08/2023,CUST654,Clothing,4,92
636Q9291D24992SV,15/08/2023,CUST957,Electronics,2,68
584W4225M23148RU,15/08/2023,CUST816,Beauty,1,17
574S6030U80945OH,15/08/2023,CUST224,Clothing,6,78
566A9480Z14214XH,15/08/2023,CUST648,Beauty,6,132
333N2179V25305TY,15/08/2023,CUST285,Electronics,2,68
183R1043F29057YD,15/08/2023,CUST427,Electronics,1,32
152S7507H36086TA,15/08/2023,CUST597,Beauty,6,120
739P4296J68298DQ,17/08/2023,CUST635,Electronics,2,20
439B5678S14817AQ,17/08/2023,CUST622,Beauty,7,189
311Y9185K51677IZ,17/08/2023,CUST737,Clothing,2,24
929N9703P78890IE,18/08/2023,CUST364,Beauty,6,66
878M7034U51442IZ,18/08/2023,CUST050,Beauty,5,30
835G4512K11294OK,18/08/2023,CUST859,Electronics,4,160
673V6428H51056RS,18/08/2023,CUST684,Clothing,2,18
293O6611Z26462LI,18/08/2023,CUST029,Electronics,5,210
100S5713W16321BY,18/08/2023,CUST878,Clothing,3,63
838J7031U90961VR,19/08/2023,CUST638,Electronics,1,15
817K1342J49531EE,19/08/2023,CUST904,Clothing,4,16
726V8845D81833XD,19/08/2023,CUST059,Clothing,2,10
703B1988V55885AV,19/08/2023,CUST981,Electronics,5,120
701Q3856H63281JO,19/08/2023,CUST823,Electronics,2,100
392R4640M47250BE,19/08/2023,CUST078,Clothing,4,60
310C1970Q89437UU,19/08/2023,CUST624,Beauty,1,9
258Q5449M64374CB,19/08/2023,CUST825,Beauty,4,112
210X5116N94160BV,19/08/2023,CUST718,Beauty,7,182
606W8302U69509FD,20/08/2023,CUST263,Beauty,6,168
513W9157O50446TR,20/08/2023,CUST186,Clothing,2,70
300W6409G60911ZL,20/08/2023,CUST219,Electronics,5,150
965W8674Y99185YA,21/08/2023,CUST077,Clothing,6,96
939L9514H51610DA,21/08/2023,CUST306,Electronics,6,132
767H8623W72601DP,21/08/2023,CUST381,Clothing,1,3
734J7637F85261KI,21/08/2023,CUST528,Clothing,3,99
644U9722H35007XU,21/08/2023,CUST725,Electronics,4,160
497D1434L37154JA,21/08/2023,CUST733,Beauty,3,18
485I4190I21426OA,21/08/2023,CUST251,Beauty,6,150
453Y6681Y34323JO,21/08/2023,CUST992,Electronics,2,42
370C7110Q54989YL,21/08/2023,CUST073,Electronics,4,196
259R9703V10464ES,21/08/2023,CUST871,Beauty,4,28
210L9569I80907SY,21/08/2023,CUST439,Clothing,2,60
132C3155E43969DN,21/08/2023,CUST924,Beauty,6,180
777P2807F46385JC,24/08/2023,CUST479,Electronics,4,172
651P9168W25441TM,24/08/2023,CUST955,Clothing,5,40
505K7282K94266DV,24/08/2023,CUST043,Clothing,6,204
355Y3138J77056OH,24/08/2023,CUST200,Beauty,1,15
289W7394F40415UU,24/08/2023,CUST855,Beauty,6,162
251E8749K91976MW,24/08/2023,CUST804,Electronics,1,25
930T9532W60501KY,25/08/2023,CUST931,Beauty,3,24
930L3509X54314PC,25/08/2023,CUST092,Electronics,1,30
904G1672U63475OQ,25/08/2023,CUST682,Beauty,2,24
456M4996Y10811ET,25/08/2023,CUST603,Clothing,3,105
266K1218I21199SU,25/08/2023,CUST474,Clothing,2,44
143L2017S78610SI,25/08/2023,CUST282,Electronics,2,78
974C6877C54914GH,26/08/2023,CUST617,Electronics,3,84
860S1828W54871JY,26/08/2023,CUST661,Clothing,1,24
125C7649X39049OZ,26/08/2023,CUST64433,Beauty,1,35
981E1970W43713NQ,27/08/2023,CUST756,Electronics,3,78
801C4723I92838MS,27/08/2023,CUST359,Clothing,3,72
771W8279L56665RE,27/08/2023,CUST671,Electronics,6,102
361N2032M50284DW,27/08/2023,CUST413,Beauty,1,31
262F6279Z36127GS,27/08/2023,CUST515,Clothing,3,105
219L2279Y43682SQ,27/08/2023,CUST143,Clothing,1,28
198T9509Y77959AY,27/08/2023,CUST568,Electronics,1,15
142G1133Y15668BN,27/08/2023,CUST183,Beauty,7,224
131I7489A15261XH,27/08/2023,CUST919,Beauty,3,87
838H2810T50932HI,31/08/2023,CUST574,Electronics,6,144
503P3667M63647OR,31/08/2023,CUST935,Beauty,7,112
173A7914L69079QE,31/08/2023,CUST127,Clothing,4,136
824Z7858J64653YX,1/09/2023,CUST594,Electronics,1,19
763W7271R20767CN,1/09/2023,CUST832,Beauty,6,90
564U2878Z80181NC,1/09/2023,CUST487,Clothing,6,204
728N2627E22234US,2/09/2023,CUST325,Electronics,1,46
444S5771H15688YY,2/09/2023,CUST702,Clothing,7,168
277N5579B61745RP,2/09/2023,CUST172,Beauty,3,78
940Q9601W66168FD,3/09/2023,CUST675,Clothing,5,90
751S9221X67021IH,3/09/2023,CUST925,Electronics,4,128
119B4490F13092MR,3/09/2023,CUST794,Beauty,5,95
823K3734P31782HC,4/09/2023,CUST730,Clothing,2,42
264V2758J48642NT,4/09/2023,CUST131,Beauty,6,18
167R1958R37674XJ,4/09/2023,CUST297,Electronics,1,40
611J4370S41542DR,5/09/2023,CUST798,Clothing,1,32
307H3184L86814DV,5/09/2023,CUST894,Electronics,1,20
301L8616O16517ST,5/09/2023,CUST330,Beauty,3,81
941T1930D13230BT,8/09/2023,CUST206,Clothing,5,125
700B3775X72372WK,8/09/2023,CUST261,Clothing,4,112
683S2869D52667JN,8/09/2023,CUST799,Electronics,2,82
673D6775B44218MA,8/09/2023,CUST494,Beauty,3,15
364Y7358M40113DC,8/09/2023,CUST851,Electronics,4,92
333A3414C22696JF,8/09/2023,CUST573,Beauty,1,27
962F2090H52423XO,9/09/2023,CUST858,Electronics,4,168
561F1140H97385SG,9/09/2023,CUST218,Beauty,1,4
119O5876G30242DE,9/09/2023,CUST279,Clothing,3,66
740M3490I18627SY,10/09/2023,CUST125,Clothing,5,60
692D4218R64425DE,10/09/2023,CUST846,Beauty,2,8
690U8705Y53030ZR,10/09/2023,CUST132,Electronics,6,96
624Q2257T73153YW,11/09/2023,CUST716,Clothing,4,64
249Y6317B33995UA,11/09/2023,CUST604,Electronics,5,95
115X6874D30330CQ,11/09/2023,CUST809,Beauty,5,65
979J4485L46481MN,13/09/2023,CUST204,Beauty,2,22
724C3428C47329VG,13/09/2023,CUST113,Electronics,1,18
215J9524G63136GA,13/09/2023,CUST790,Clothing,1,23
925I3228Q62486WM,16/09/2023,CUST051,Beauty,1,17
736Q2912Z55662GR,16/09/2023,CUST960,Clothing,4,72
719G7712O16638ZQ,16/09/2023,CUST276,Beauty,2,34
714T4283I32666BR,16/09/2023,CUST412,Electronics,6,186
446Y4810U81508WA,16/09/2023,CUST632,Electronics,1,30
161P1000A65512EN,16/09/2023,CUST259,Clothing,3,42
759R2254C10362LR,19/09/2023,CUST443,Clothing,2,48
726U7439R44018BV,19/09/2023,CUST373,Beauty,7,70
324H6919S72841MU,19/09/2023,CUST513,Electronics,2,28
972I3547K40281XH,21/09/2023,CUST579,Electronics,1,49
731P3550Q46066XU,21/09/2023,CUST524,Beauty,2,30
652D6989E69855UO,21/09/2023,CUST241,Electronics,4,168
423T9653Z83782FY,21/09/2023,CUST290,Beauty,7,196
379V9925Q58947CV,21/09/2023,CUST529,Clothing,1,16
100U7280H90017IB,21/09/2023,CUST563,Clothing,7,126
944P6220M60009SN,24/09/2023,CUST160,Clothing,1,32
725W3799B83875KO,24/09/2023,CUST523,Electronics,4,188
682T6887E19177BI,24/09/2023,CUST670,Beauty,2,44
650Y1159W61519AE,24/09/2023,CUST643,Electronics,1,44
202J2648G50313DL,24/09/2023,CUST801,Clothing,2,46
177K1371N12857BH,24/09/2023,CUST656,Beauty,5,50
451Y9981I55948OM,25/09/2023,CUST954,Electronics,2,76
379B4548E34788WF,25/09/2023,CUST055,Beauty,1,5
107S3221N75425MS,25/09/2023,CUST521,Clothing,6,204
764J1843F30660YW,26/09/2023,CUST384,Clothing,5,120
217B5372V94373WX,26/09/2023,CUST441,Beauty,5,95
178T4340O14687UA,26/09/2023,CUST897,Electronics,5,195
969Z6322B43805SB,28/09/2023,CUST570,Clothing,5,155
957Y7882M61777NE,28/09/2023,CUST976,Beauty,4,20
677F1003O64534NX,28/09/2023,CUST147,Electronics,1,14
607V7397O42581YD,28/09/2023,CUST630,Clothing,1,4
314O5542Q71833UI,28/09/2023,CUST393,Beauty,1,13
289E6511F18730ID,28/09/2023,CUST390,Electronics,1,10
979L2192G64329YP,29/09/2023,CUST956,Clothing,6,48
838X6747N33449SV,29/09/2023,CUST310,Beauty,4,96
630A8183T73364GL,29/09/2023,CUST179,Electronics,3,54
522W6491B33912OT,29/09/2023,CUST327,Electronics,5,60
487D7505X39487TP,29/09/2023,CUST097,Beauty,3,63
356H7560I22959OF,29/09/2023,CUST277,Clothing,6,90
342Y2277B18528WC,29/09/2023,CUST873,Electronics,7,147
228R7785A33748QU,29/09/2023,CUST872,Beauty,4,20
218Z7688X18215HY,29/09/2023,CUST162,Clothing,4,108
927X6903T66838AO,1/10/2023,CUST350,Beauty,3,30
564F5583L63782VH,1/10/2023,CUST191,Beauty,1,26
499M9777A45703IZ,1/10/2023,CUST089,Electronics,5,110
389O5007P11458BN,1/10/2023,CUST368,Clothing,3,96
244C3424G14407YM,1/10/2023,CUST909,Electronics,7,91
139I8832O10155EI,1/10/2023,CUST116,Clothing,6,174
924T4251Q96631II,2/10/2023,CUST555,Beauty,6,120
853E7745E96713XS,2/10/2023,CUST815,Clothing,2,14
744P5848M47937RG,2/10/2023,CUST600,Beauty,5,125
573H3737Q61442TT,2/10/2023,CUST146,Clothing,4,120
509M5010M13548YD,2/10/2023,CUST889,Electronics,2,42
100X9564D67104YE,2/10/2023,CUST154,Electronics,4,192
787J5236J24953NV,3/10/2023,CUST122,Electronics,2,86
609I7422M57801YH,3/10/2023,CUST813,Electronics,7,147
583S4887X46184HX,3/10/2023,CUST516,Beauty,4,52
382I4811K38208UX,3/10/2023,CUST060,Beauty,2,12
365G9252Q40846IE,3/10/2023,CUST704,Clothing,6,48
216L9037B90465DU,3/10/2023,CUST476,Clothing,5,60
634Y5811I87444KI,4/10/2023,CUST984,Clothing,3,9
596C6189X27300JQ,4/10/2023,CUST253,Clothing,5,130
578P1611K75383CF,4/10/2023,CUST208,Electronics,1,28
474G8341E78418SM,4/10/2023,CUST937,Beauty,2,60
444K7928X45978HZ,4/10/2023,CUST247,Electronics,3,147
360L6015V35386BC,4/10/2023,CUST767,Beauty,2,44
696S9651V80025DN,6/10/2023,CUST503,Beauty,2,36
597R5825X31705TW,6/10/2023,CUST751,Clothing,2,14
199B8893O89811FY,6/10/2023,CUST385,Electronics,3,126
940V2168H80437EP,7/10/2023,CUST869,Beauty,4,12
820E9871D28861LA,7/10/2023,CUST814,Clothing,2,48
736P1660L69462BX,7/10/2023,CUST689,Electronics,6,276
650Q9763A49817HZ,7/10/2023,CUST677,Beauty,6,72
527K5162Y37864WU,7/10/2023,CUST194,Clothing,6,54
393G4705K95462VV,7/10/2023,CUST637,Clothing,1,18
362U3195B64757GD,7/10/2023,CUST026,Electronics,5,200
353C9322Q29940RU,7/10/2023,CUST349,Beauty,3,84
148I1365A20418VP,7/10/2023,CUST437,Electronics,3,102
189E5768H68262IJ,8/10/2023,CUST030,Beauty,2,52
111M4116A38609ZL,8/10/2023,CUST245,Clothing,1,28
104K6655I96755FZ,8/10/2023,CUST634,Electronics,3,36
998K7968J56499ON,9/10/2023,CUST201,Electronics,1,23
786G1469I85466YI,9/10/2023,CUST229,Beauty,3,42
705V5670J21387NN,9/10/2023,CUST286,Electronics,2,54
676S8323V32513NI,9/10/2023,CUST296,Clothing,3,39
611K2312V47585NZ,9/10/2023,CUST998,Beauty,3,93
475N3459B97138MW,9/10/2023,CUST696,Clothing,4,52
950O5538Y30569HP,10/10/2023,CUST012,Beauty,3,45
511H6989Q32134VV,10/10/2023,CUST428,Electronics,7,189
166B7043C41093FI,10/10/2023,CUST312,Clothing,5,15
969V5372G11564FL,11/10/2023,CUST546,Electronics,4,140
655W3324S25722GE,11/10/2023,CUST835,Clothing,5,140
567E6657Q13339BY,11/10/2023,CUST628,Beauty,3,84
551D3545Y85424IL,11/10/2023,CUST165,Clothing,5,60
506O6751C12796YZ,11/10/2023,CUST951,Beauty,5,120
367T2815Y55075AV,11/10/2023,CUST817,Beauty,3,27
299C1761L17242ZS,11/10/2023,CUST914,Electronics,4,72
132M3681X76152AX,11/10/2023,CUST227,Electronics,5,245
125O4167N93811SF,11/10/2023,CUST692,Clothing,6,96
741P9446A26412JL,13/10/2023,CUST326,Clothing,4,100
707H2726Z31830TR,13/10/2023,CUST512,Beauty,3,39
557S4367E91306EG,13/10/2023,CUST019,Clothing,1,24
461Q8489K38224KA,13/10/2023,CUST619,Electronics,1,28
300W6346F38092HP,13/10/2023,CUST948,Electronics,2,80
135K5189G15241BY,13/10/2023,CUST047,Beauty,4,128
715F3692C11544KK,14/10/2023,CUST167,Clothing,5,120
550R9081R97753RS,14/10/2023,CUST456,Electronics,5,135
518A9961J52300JH,14/10/2023,CUST565,Beauty,5,65
866Q3395A49451LH,15/10/2023,CUST431,Electronics,2,98
796K5594G22287EK,15/10/2023,CUST086,Beauty,1,31
688D2173F81393LX,15/10/2023,CUST375,Clothing,5,90
587A5320F92097EB,15/10/2023,CUST121,Electronics,5,70
484R1962T49008LR,15/10/2023,CUST538,Clothing,3,9
311B2903E18923NV,15/10/2023,CUST827,Beauty,2,20
658R3991T47836JG,16/10/2023,CUST711,Electronics,4,48
624Z6660A84771RW,16/10/2023,CUST626,Clothing,7,56
561A6712L23383NR,16/10/2023,CUST351,Clothing,5,155
460M4109Q53218KA,16/10/2023,CUST616,Clothing,2,66
452H7619I55998MN,16/10/2023,CUST754,Electronics,5,120
407J3874B51502IM,16/10/2023,CUST747,Beauty,2,38
236T3964R37314YA,16/10/2023,CUST370,Electronics,6,234
193N9924I56785CI,16/10/2023,CUST963,Beauty,1,12
122L7116P53356QX,16/10/2023,CUST554,Beauty,1,11
867A5340A76011NA,18/10/2023,CUST109,Electronics,4,84
452T7105N27670JU,18/10/2023,CUST196,Clothing,6,108
282Q1413T25953DF,18/10/2023,CUST169,Beauty,3,51
655O2209T44519LB,21/10/2023,CUST922,Electronics,1,13
469L4612O68444RU,21/10/2023,CUST057,Beauty,7,182
124G4679K21152BB,21/10/2023,CUST789,Clothing,6,108
697V2334V55732JP,23/10/2023,CUST137,Beauty,6,36
657F2038P95584RR,23/10/2023,CUST707,Clothing,6,108
156K6541G21096TG,23/10/2023,CUST250,Electronics,6,132
320L5690H79799EF,24/10/2023,CUST778,Beauty,6,144
312G3513K25746JJ,24/10/2023,CUST564,Electronics,3,45
140T9373Y34399YH,24/10/2023,CUST497,Clothing,7,231
841Z1626Z90329HB,27/10/2023,CUST324,Electronics,4,108
783N7069B20444RB,27/10/2023,CUST688,Clothing,5,55
613K2517R61812DY,27/10/2023,CUST599,Beauty,1,10
915N3350R34713PH,29/10/2023,CUST959,Electronics,5,80
864V7811G24476IQ,29/10/2023,CUST581,Beauty,6,162
609I9084S71612OH,29/10/2023,CUST074,Beauty,3,66
527P7235S34102RV,29/10/2023,CUST896,Electronics,3,66
502P4502N88925MQ,29/10/2023,CUST178,Clothing,3,66
119H7273S69490EM,29/10/2023,CUST735,Clothing,3,96
720I6998O73159OD,31/10/2023,CUST087,Beauty,4,116
653S2683U79770DP,31/10/2023,CUST710,Electronics,3,51
298W6628K40480CS,31/10/2023,CUST319,Clothing,3,27
795J4329Q84174GA,1/11/2023,CUST558,Clothing,3,159
781E1153E95473RR,1/11/2023,CUST334,Electronics,2,46
763J9338V52534AU,1/11/2023,CUST010,Clothing,6,318
404P1815V34436WU,1/11/2023,CUST001,Beauty,3,93
257C5061C29937TO,1/11/2023,CUST343,Electronics,3,57
195L1611C92426PF,1/11/2023,CUST424,Beauty,1,66
919U4770D82307DW,2/11/2023,CUST149,Clothing,6,210
782L5388V82559FK,2/11/2023,CUST876,Clothing,2,14
729D7684N21224YN,2/11/2023,CUST141,Electronics,1,28
721T7530Z50583NL,2/11/2023,CUST507,Electronics,5,115
695U2949N24536CQ,2/11/2023,CUST841,Electronics,4,84
624V1761T37550KL,2/11/2023,CUST401,Clothing,2,138
492S8200G16352FM,2/11/2023,CUST267,Beauty,4,60
284H2369S39990TZ,2/11/2023,CUST493,Beauty,6,414
167P4962Y72909GO,2/11/2023,CUST715,Beauty,5,355
996Q6275M29535AL,3/11/2023,CUST181,Electronics,4,96
792X8105Z59987BG,3/11/2023,CUST739,Beauty,6,420
396V1008L77618JS,3/11/2023,CUST844,Clothing,5,195
891W2138A54984XE,4/11/2023,CUST784,Electronics,1,28
583X4249S82382GS,4/11/2023,CUST199,Beauty,7,441
515W3194P60307VT,4/11/2023,CUST852,Clothing,5,45
596I9295S10557SN,7/11/2023,CUST576,Beauty,3,78
367T2640R76220PE,7/11/2023,CUST627,Clothing,3,24
148N9085G13682AO,7/11/2023,CUST762,Electronics,5,50
911C4315V67299PW,8/11/2023,CUST311,Beauty,3,93
849E2570J45725FM,8/11/2023,CUST022,Clothing,3,189
694T1200A19153KP,8/11/2023,CUST173,Electronics,7,98
830D7284Q39141UC,10/11/2023,CUST388,Electronics,3,57
646P1679X25755OG,10/11/2023,CUST943,Clothing,1,39
626Y8125B76629AK,10/11/2023,CUST791,Beauty,4,108
583R3434Q47631NJ,10/11/2023,CUST786,Clothing,5,285
498W2872S91374IN,10/11/2023,CUST535,Beauty,3,111
463X8642W30895ZU,10/11/2023,CUST631,Electronics,6,552
867X3154B94697PP,12/11/2023,CUST712,Beauty,13,273
349R6873Y45786AI,12/11/2023,CUST340,Clothing,11,781
212K8371J18346HD,12/11/2023,CUST812,Electronics,5,550
749B9417Y66698YW,14/11/2023,CUST214,Beauty,9,441
664S2254E13213YX,14/11/2023,CUST458,Electronics,16,2304
624S4003J43166EC,14/11/2023,CUST962,Clothing,16,400
582T3901I58821MA,14/11/2023,CUST345,Electronics,14,2520
498K7701B12757BM,14/11/2023,CUST826,Clothing,9,585
103M2233K26986XY,14/11/2023,CUST244,Beauty,16,176
962G6136E27307AF,15/11/2023,CUST249,Clothing,17,952
849H1906N19269DJ,15/11/2023,CUST369,Electronics,16,1680
816X4229R85407JH,15/11/2023,CUST680,Clothing,3,108
732T2630L74264QG,15/11/2023,CUST706,Electronics,9,981
430T1189N79975IV,15/11/2023,CUST336,Beauty,17,1071
417K9579I60278LA,15/11/2023,CUST701,Beauty,16,736
822W4487G97868KN,16/11/2023,CUST770,Clothing,8,192
818K6441B74257UO,16/11/2023,CUST139,Beauty,6,324
589C5143D61436ER,16/11/2023,CUST533,Electronics,17,2720
558B8680T64015CM,17/11/2023,CUST645,Electronics,5,490
353M3911H23912LX,17/11/2023,CUST318,Clothing,7,287
174X9552L55169GF,17/11/2023,CUST525,Beauty,3,33
690N2423O40116TB,20/11/2023,CUST994,Beauty,5,125
522W4036T97877FX,20/11/2023,CUST342,Clothing,16,736
409G6008Q73599IY,20/11/2023,CUST234,Electronics,9,873
388E5459I43876ZA,21/11/2023,CUST417,Electronics,15,2235
181L1236P76879RU,21/11/2023,CUST982,Beauty,16,464
171F8538Q42704PB,21/11/2023,CUST126,Clothing,10,220
731Q6066J58951ZZ,23/11/2023,CUST435,Beauty,8,528
586Y3444K24949MW,23/11/2023,CUST918,Electronics,16,2832
562U7495D28125SN,23/11/2023,CUST641,Electronics,7,1183
356H2592O54408UK,23/11/2023,CUST662,Beauty,8,472
304L8671A50582MP,23/11/2023,CUST440,Clothing,6,240
263B2778F54132IF,23/11/2023,CUST124,Clothing,15,990
970T7223Z48598IP,27/11/2023,CUST856,Electronics,5,680
874B7015U52035KW,27/11/2023,CUST226,Clothing,14,378
613P1456W91839HS,27/11/2023,CUST309,Beauty,6,114
949F9859K59867NX,28/11/2023,CUST781,Beauty,9,72
929C7386Q31334WW,28/11/2023,CUST084,Electronics,6,1050
778C5835K57167HV,28/11/2023,CUST776,Clothing,11,748
511O9840M78188QC,28/11/2023,CUST983,Clothing,9,585
505A8283Q38279BT,28/11/2023,CUST795,Electronics,12,1380
462X1827A77847PI,28/11/2023,CUST025,Beauty,6,438
986G4988V57046ZH,30/11/2023,CUST810,Electronics,9,1053
865W1591P53207NX,30/11/2023,CUST145,Clothing,17,1224
865S3887M83100XU,30/11/2023,CUST898,Clothing,15,300
783V5839Y65431JJ,30/11/2023,CUST289,Electronics,3,354
754K8465A71138EQ,30/11/2023,CUST472,Beauty,11,165
529Y3447P64768SD,30/11/2023,CUST082,Beauty,10,300
405H4706V15244WC,1/12/2023,CUST020,Clothing,9,243
332V7790X55786XY,1/12/2023,CUST062,Beauty,5,120
204M6473D11413FK,1/12/2023,CUST266,Electronics,5,115
858W1379H56228SZ,2/12/2023,CUST608,Electronics,4,84
511L7175I23230HZ,2/12/2023,CUST690,Clothing,4,100
124M4768G54505LO,2/12/2023,CUST233,Beauty,3,99
338V1041B35728FU,3/12/2023,CUST405,Clothing,1,20
138K6595A48549XN,3/12/2023,CUST348,Electronics,2,50
133I1490W22551NK,3/12/2023,CUST805,Beauty,4,32
717T3293V92462BM,4/12/2023,CUST908,Beauty,4,116
478N4686G73943IL,4/12/2023,CUST205,Clothing,3,54
282K5190Q18421ZR,4/12/2023,CUST485,Electronics,9,117
900N6338F31686HC,5/12/2023,CUST950,Clothing,1,25
781R1905P31901FY,5/12/2023,CUST761,Clothing,7,238
475Z1559L69748FV,5/12/2023,CUST997,Beauty,4,52
475Z1559L69748FV,5/12/2023,CUST997,Beauty,1,18
429U1575K96813LJ,5/12/2023,CUST999,Electronics,9,243
369I2253P27554SS,5/12/2023,CUST971,Electronics,2,54
333O7737C90883ON,5/12/2023,CUST065,Electronics,7,77
240F1340E55880KD,5/12/2023,CUST211,Beauty,5,95
221B3292M88535HP,5/12/2023,CUST595,Clothing,1,13
990J8755Y90719MO,6/12/2023,CUST965,Clothing,8,280
939H7148F75878GA,6/12/2023,CUST058,Clothing,8,48
906G5679E83758SH,6/12/2023,CUST868,Electronics,9,108
848G8251S27379PB,6/12/2023,CUST395,Electronics,3,63
750Y9265A33973FU,6/12/2023,CUST1423,Beauty,7,42
411F6285I26401LE,6/12/2023,CUST1464,Beauty,3,15
635E2769L27928DS,7/12/2023,CUST531,Electronics,2,44
608U1331H85352HH,7/12/2023,CUST1382,Beauty,9,216
213F7409F22822LP,7/12/2023,CUST952,Clothing,4,92
995L1824H28850RA,8/12/2023,CUST1316,Beauty,4,36
974F8910H61218NI,8/12/2023,CUST540,Electronics,2,58
366F5883I35334OT,8/12/2023,CUST582,Clothing,6,24
851D8478K32160QL,9/12/2023,CUST828,Electronics,3,42
842M5549N92851RT,9/12/2023,CUST803,Clothing,11,88
815Z9454K44545HG,9/12/2023,CUST1307,Beauty,5,105
737S4773S89691ML,9/12/2023,CUST355,Electronics,3,84
687R5541E55187QI,9/12/2023,CUST468,Electronics,3,30
644Y3280U25452BD,9/12/2023,CUST1450,Beauty,3,78
616V2979Y70451WA,9/12/2023,CUST968,Clothing,1,8
548C1498V17088KS,9/12/2023,CUST410,Clothing,9,81
459O1056N69293MT,9/12/2023,CUST1385,Beauty,5,100
433E5081F71291VW,9/12/2023,CUST938,Clothing,9,288
397S8535R44426JZ,9/12/2023,CUST1475,Beauty,1,31
340C7248C49720XY,9/12/2023,CUST700,Electronics,10,210
909W2180O96233XI,10/12/2023,CUST1482,Beauty,21,273
722B6260Q22758JQ,10/12/2023,CUST361,Electronics,5,1470
572U3542M35589LS,10/12/2023,CUST095,Clothing,4,80
905N2561Z37686HO,11/12/2023,CUST171,Clothing,6,108
837B3476E42783UF,11/12/2023,CUST1351,Beauty,20,640
405R5142C72489YL,11/12/2023,CUST586,Electronics,9,810
965K5284K71686JB,12/12/2023,CUST1408,Beauty,8,216
600R7218G23695ES,12/12/2023,CUST156,Clothing,9,171
211C3836G60476UI,12/12/2023,CUST571,Electronics,14,2422
887O6227B85830DC,13/12/2023,CUST771,Electronics,8,1144
619K1224O38978NZ,13/12/2023,CUST1439,Beauty,21,105
525K5387C30731KH,13/12/2023,CUST362,Clothing,4,120
502A8595E34200FO,13/12/2023,CUST552,Electronics,7,1834
436T4556S51751NK,13/12/2023,CUST1372,Beauty,20,300
269A6015W38383XF,13/12/2023,CUST115,Clothing,6,126
945F8670C90819NS,16/12/2023,CUST083,Electronics,10,1810
899P9341B92891MD,16/12/2023,CUST451,Electronics,10,700
369I9964B23184BL,16/12/2023,CUST1328,Beauty,6,162
315M4219G91400ML,16/12/2023,CUST024,Clothing,19,532
311Z9966P77227VG,16/12/2023,CUST1481,Beauty,7,63
166C9509R13486ZH,16/12/2023,CUST741,Clothing,13,364
154Y2713P51695YN,16/12/2023,CUST1374,Beauty,14,350
145S5112B48780EP,16/12/2023,CUST215,Clothing,21,252
119E5239A64262KJ,16/12/2023,CUST153,Electronics,7,1981
719K8246P77021IJ,17/12/2023,CUST099,Electronics,18,4356
539H6143O35820WN,17/12/2023,CUST389,Clothing,15,2745
363I9173O91446EP,17/12/2023,CUST1467,Beauty,10,2040
844N2580M79697DN,18/12/2023,CUST1406,Beauty,20,1920
844B9470H62266EV,18/12/2023,CUST566,Clothing,5,765
744O9882S54781KT,18/12/2023,CUST409,Electronics,11,2794
722T4304J38255YE,18/12/2023,CUST939,Electronics,4,524
695D2964Z35879TZ,18/12/2023,CUST112,Clothing,12,2400
584G2886G35871XN,18/12/2023,CUST1309,Beauty,4,1152
996A2958W68108SD,20/12/2023,CUST1330,Beauty,21,4998
818D5727F98911XY,20/12/2023,CUST209,Electronics,18,4590
675Y2932T23141EE,20/12/2023,CUST550,Clothing,9,2259
480D3151S40234PQ,20/12/2023,CUST1421,Beauty,17,4998
461N6359Z87527AY,20/12/2023,CUST1474,Beauty,20,5180
380G2077N68068HC,20/12/2023,CUST777,Electronics,16,3344
274G3134B22404OO,20/12/2023,CUST890,Electronics,13,2002
189K8295O77756RJ,20/12/2023,CUST258,Clothing,19,5130
173Y2702W62498EW,20/12/2023,CUST580,Clothing,10,1890
873Y5632I62782IS,23/12/2023,CUST9913,Clothing,18,3438
821J3216F56333IS,23/12/2023,CUST544,Electronics,5,625
791K2314Y16397BC,23/12/2023,CUST602,Electronics,4,920
788C5240M22395PI,23/12/2023,CUST1425,Beauty,7,1477
705B2794J50120QO,23/12/2023,CUST625,Clothing,12,2808
491Y5297D14919PZ,23/12/2023,CUST392,Clothing,21,2079
326Y2759O51798YG,23/12/2023,CUST678,Electronics,10,2850
195Q7345N57216JK,23/12/2023,CUST1399,Beauty,6,1650
134R1217N83314TJ,23/12/2023,CUST1326,Beauty,18,1422
768H7002Z40701ME,24/12/2023,CUST752,Clothing,21,5229
529O7277I59429JH,24/12/2023,CUST1420,Beauty,7,910
194O9823Y75236TN,24/12/2023,CUST916,Electronics,12,1560
848M2315V82369RW,25/12/2023,CUST757,Electronics,19,5529
490D3609X42800BD,25/12/2023,CUST1435,Beauty,5,1425
311V2662S10779PL,25/12/2023,CUST080,Clothing,21,5187
719A7768R81810TK,27/12/2023,CUST1380,Beauty,9,180
458K5372I69104GV,27/12/2023,CUST526,Clothing,6,240
386X6380H29108CS,27/12/2023,CUST386,Electronics,9,234
763A7965V23723CK,28/12/2023,CUST1409,Beauty,4,96
630D9473G40891BJ,28/12/2023,CUST265,Clothing,3,51
497E6800O72778EJ,28/12/2023,CUST989,Electronics,8,128
318G7289M71902TW,28/12/2023,CUST496,Clothing,8,200
258L6608V61746YM,28/12/2023,CUST429,Electronics,3,99
252Q1402D37365DS,28/12/2023,CUST1412,Beauty,2,62
490H2411K96336DV,29/12/2023,CUST1322,Beauty,2,26
449Q5640N94157ZD,29/12/2023,CUST520,Electronics,9,135
338J8925C84916GD,29/12/2023,CUST151,Clothing,7,147
960N4229I77669OC,31/12/2023,CUST857,Electronics,2,28
928E3743P52763CA,31/12/2023,CUST1386,Be4uty,10,160
634D6483L52784DD,31/12/2023,CUST783,Clothing,8,168
901S2646F82387BP,1/01/2024,CUST1301,Beauty,8,96
708K2472W37208WA,1/01/2024,CUST650,Electronics,1,34
194Q4622H15212EF,1/01/2024,CUST096,Clothing,9,252
956L8023R70384PW,07/13/2023,CUST1347,Beauty,2,62
925F2045S27495RX,07/13/2023,CUST854,Clothing,1,29
210R1686H66091VO,07/13/2023,CUST009,Electronics,7,238
